{"v":"5.1.11","fr":30,"ip":0,"op":180,"w":624,"h":624,"nm":"01_compactos","ddd":0,"assets":[],"layers":[{"ddd":0,"ind":1,"ty":4,"nm":"play contornos","parent":13,"sr":1,"ks":{"o":{"a":1,"k":[{"i":{"x":[0.833],"y":[0.833]},"o":{"x":[0.167],"y":[0.167]},"n":["0p833_0p833_0p167_0p167"],"t":97,"s":[0],"e":[100]},{"i":{"x":[0.833],"y":[0.833]},"o":{"x":[0.167],"y":[0.167]},"n":["0p833_0p833_0p167_0p167"],"t":106,"s":[100],"e":[100]},{"i":{"x":[0.833],"y":[0.833]},"o":{"x":[0.167],"y":[0.167]},"n":["0p833_0p833_0p167_0p167"],"t":162,"s":[100],"e":[0]},{"t":168}],"ix":11},"r":{"a":1,"k":[{"i":{"x":[0],"y":[1]},"o":{"x":[0.167],"y":[0.167]},"n":["0_1_0p167_0p167"],"t":97,"s":[47],"e":[0]},{"t":118}],"ix":10},"p":{"a":1,"k":[{"i":{"x":0,"y":1},"o":{"x":0.167,"y":0.167},"n":"0_1_0p167_0p167","t":97,"s":[241.916,230.313,0],"e":[241.916,152.313,0],"to":[0,-13,0],"ti":[0,13,0]},{"t":118}],"ix":2},"a":{"a":0,"k":[40.477,48.916,0],"ix":1},"s":{"a":1,"k":[{"i":{"x":[0,0,0.667],"y":[1,1,1]},"o":{"x":[0.167,0.167,0.167],"y":[0.167,0.167,-8.696]},"n":["0_1_0p167_0p167","0_1_0p167_0p167","0p667_1_0p167_-8p696"],"t":97,"s":[207,207,100],"e":[100,100,100]},{"t":118}],"ix":6}},"ao":0,"shapes":[{"ind":0,"ty":"sh","ix":1,"ks":{"a":0,"k":{"i":[[0,8.108],[0,0],[-7.015,-4.597],[0,0],[6.826,-3.917],[0,0]],"o":[[0,0],[0,-8.388],[0,0],[6.583,4.314],[0,0],[-7.033,4.037]],"v":[[0.25,84.396],[0.25,13.67],[16.58,4.847],[74.121,42.553],[73.59,60.526],[16.049,93.545]],"c":true},"ix":2},"nm":"Trazado 1","mn":"ADBE Vector Shape - Group","hd":false},{"ty":"fl","c":{"a":0,"k":[1,1,1,1],"ix":4},"o":{"a":0,"k":100,"ix":5},"r":1,"nm":"Relleno 1","mn":"ADBE Vector Graphic - Fill","hd":false}],"ip":97,"op":180,"st":9,"bm":0},{"ddd":0,"ind":2,"ty":4,"nm":"tablet contornos 2","parent":13,"td":1,"sr":1,"ks":{"o":{"a":0,"k":100,"ix":11},"r":{"a":0,"k":0,"ix":10},"p":{"a":0,"k":[240.931,163.175,0],"ix":2},"a":{"a":0,"k":[241.008,163.688,0],"ix":1},"s":{"a":0,"k":[100,100,100],"ix":6}},"ao":0,"shapes":[{"ind":0,"ty":"sh","ix":1,"ks":{"a":0,"k":{"i":[[14.975,0],[0,0],[0,14.974],[0,0],[-14.975,0],[0,0],[0,-14.975],[0,0]],"o":[[0,0],[-14.975,0],[0,0],[0,-14.975],[0,0],[14.975,0],[0,0],[0,14.974]],"v":[[454.652,327.125],[27.364,327.125],[0.25,300.011],[0.25,27.365],[27.364,0.25],[454.652,0.25],[481.766,27.365],[481.766,300.011]],"c":true},"ix":2},"nm":"Trazado 1","mn":"ADBE Vector Shape - Group","hd":false},{"ty":"fl","c":{"a":0,"k":[0,0,0,1],"ix":4},"o":{"a":0,"k":100,"ix":5},"r":1,"nm":"Relleno 1","mn":"ADBE Vector Graphic - Fill","hd":false}],"ip":66,"op":186,"st":82,"bm":0},{"ddd":0,"ind":3,"ty":4,"nm":"Capa de formas 1","parent":13,"tt":1,"sr":1,"ks":{"o":{"a":0,"k":100,"ix":11},"r":{"a":0,"k":1.963,"ix":10},"p":{"a":0,"k":[239.195,175.157,0],"ix":2},"a":{"a":0,"k":[0,0,0],"ix":1},"s":{"a":0,"k":[100,100,100],"ix":6}},"ao":0,"shapes":[{"ty":"gr","it":[{"ind":0,"ty":"sh","ix":1,"ks":{"a":1,"k":[{"i":{"x":0.667,"y":1},"o":{"x":0.333,"y":0},"n":"0p667_1_0p333_0","t":66,"s":[{"i":[[0,0],[0,0],[0,0],[0,0]],"o":[[0,0],[0,0],[0,0],[0,0]],"v":[[-239.951,-180.015],[-310,-177],[-475.021,176.027],[-395.971,175.001]],"c":true}],"e":[{"i":[[0,0],[0,0],[0,0],[0,0]],"o":[[0,0],[0,0],[0,0],[0,0]],"v":[[456.854,-212.154],[-304.418,-197.13],[-469.449,189.129],[304.679,166.907]],"c":true}]},{"i":{"x":0.667,"y":1},"o":{"x":0.333,"y":0},"n":"0p667_1_0p333_0","t":83,"s":[{"i":[[0,0],[0,0],[0,0],[0,0]],"o":[[0,0],[0,0],[0,0],[0,0]],"v":[[456.854,-212.154],[-304.418,-197.13],[-469.449,189.129],[304.679,166.907]],"c":true}],"e":[{"i":[[0,0],[0,0],[0,0],[0,0]],"o":[[0,0],[0,0],[0,0],[0,0]],"v":[[450.268,-192.002],[401.053,-192.081],[241.413,157.166],[302.502,153.909]],"c":true}]},{"t":100}],"ix":2},"nm":"Trazado 1","mn":"ADBE Vector Shape - Group","hd":false},{"ty":"fl","c":{"a":0,"k":[0.388235324037,0.721568627451,0.909803981407,1],"ix":4},"o":{"a":0,"k":100,"ix":5},"r":1,"nm":"Relleno 1","mn":"ADBE Vector Graphic - Fill","hd":false},{"ty":"tr","p":{"a":0,"k":[0,0],"ix":2},"a":{"a":0,"k":[0,0],"ix":1},"s":{"a":0,"k":[99.535,99.989],"ix":3},"r":{"a":0,"k":0,"ix":6},"o":{"a":0,"k":100,"ix":7},"sk":{"a":0,"k":0,"ix":4},"sa":{"a":0,"k":0,"ix":5},"nm":"Transformar"}],"nm":"Forma 1","np":3,"cix":2,"ix":1,"mn":"ADBE Vector Group","hd":false}],"ip":66,"op":186,"st":6,"bm":0},{"ddd":0,"ind":4,"ty":4,"nm":"edit1 contornos","parent":13,"sr":1,"ks":{"o":{"a":1,"k":[{"i":{"x":[0.833],"y":[0.833]},"o":{"x":[0.167],"y":[0.167]},"n":["0p833_0p833_0p167_0p167"],"t":16,"s":[0],"e":[100]},{"t":22}],"ix":11},"r":{"a":0,"k":0,"ix":10},"p":{"a":1,"k":[{"i":{"x":0,"y":1},"o":{"x":0.167,"y":0.167},"n":"0_1_0p167_0p167","t":16,"s":[3.096,87.641,0],"e":[113.096,87.641,0],"to":[18.3333339691162,0,0],"ti":[-18.3333339691162,0,0]},{"t":36}],"ix":2},"a":{"a":0,"k":[70.576,16.351,0],"ix":1},"s":{"a":0,"k":[100,100,100],"ix":6}},"ao":0,"shapes":[{"ind":0,"ty":"sh","ix":1,"ks":{"a":0,"k":{"i":[[8.855,0],[0,0],[0,-8.856],[-8.855,0],[0,0],[0,8.856]],"o":[[0,0],[-8.855,0],[0,8.856],[0,0],[8.855,0],[0,-8.856]],"v":[[124.802,0.25],[16.351,0.25],[0.25,16.351],[16.351,32.452],[124.802,32.452],[140.903,16.351]],"c":true},"ix":2},"nm":"Trazado 1","mn":"ADBE Vector Shape - Group","hd":false},{"ty":"fl","c":{"a":0,"k":[0.388000009574,0.722000002394,0.910000011968,1],"ix":4},"o":{"a":0,"k":100,"ix":5},"r":1,"nm":"Relleno 1","mn":"ADBE Vector Graphic - Fill","hd":false}],"ip":16,"op":83,"st":-58,"bm":0},{"ddd":0,"ind":5,"ty":4,"nm":"edit2 contornos","parent":13,"sr":1,"ks":{"o":{"a":1,"k":[{"i":{"x":[0.833],"y":[0.833]},"o":{"x":[0.167],"y":[0.167]},"n":["0p833_0p833_0p167_0p167"],"t":24,"s":[0],"e":[100]},{"t":30}],"ix":11},"r":{"a":0,"k":0,"ix":10},"p":{"a":1,"k":[{"i":{"x":0,"y":1},"o":{"x":0.167,"y":0.167},"n":"0_1_0p167_0p167","t":24,"s":[69.486,130.272,0],"e":[219.486,130.272,0],"to":[25,0,0],"ti":[-25,0,0]},{"t":44}],"ix":2},"a":{"a":0,"k":[39.044,16.351,0],"ix":1},"s":{"a":0,"k":[100,100,100],"ix":6}},"ao":0,"shapes":[{"ind":0,"ty":"sh","ix":1,"ks":{"a":0,"k":{"i":[[8.855,0],[0,0],[0,-8.855],[-8.856,0],[0,0],[0,8.856]],"o":[[0,0],[-8.856,0],[0,8.856],[0,0],[8.855,0],[0,-8.855]],"v":[[61.737,0.25],[16.351,0.25],[0.25,16.351],[16.351,32.452],[61.737,32.452],[77.838,16.351]],"c":true},"ix":2},"nm":"Trazado 1","mn":"ADBE Vector Shape - Group","hd":false},{"ty":"fl","c":{"a":0,"k":[0.505999995213,0.20800000359,0.541000007181,1],"ix":4},"o":{"a":0,"k":100,"ix":5},"r":1,"nm":"Relleno 1","mn":"ADBE Vector Graphic - Fill","hd":false}],"ip":24,"op":83,"st":-50,"bm":0},{"ddd":0,"ind":6,"ty":4,"nm":"edit3 contornos","parent":13,"sr":1,"ks":{"o":{"a":1,"k":[{"i":{"x":[0.833],"y":[0.833]},"o":{"x":[0.167],"y":[0.167]},"n":["0p833_0p833_0p167_0p167"],"t":29,"s":[0],"e":[100]},{"t":35}],"ix":11},"r":{"a":0,"k":0,"ix":10},"p":{"a":1,"k":[{"i":{"x":0,"y":1},"o":{"x":0.167,"y":0.167},"n":"0_1_0p167_0p167","t":29,"s":[140.018,172.892,0],"e":[280.018,172.892,0],"to":[23.3333339691162,0,0],"ti":[-23.3333339691162,0,0]},{"t":49}],"ix":2},"a":{"a":0,"k":[22.137,16.351,0],"ix":1},"s":{"a":0,"k":[100,100,100],"ix":6}},"ao":0,"shapes":[{"ind":0,"ty":"sh","ix":1,"ks":{"a":0,"k":{"i":[[8.855,0],[0,0],[0,-8.856],[-8.856,0],[0,0],[0,8.856]],"o":[[0,0],[-8.856,0],[0,8.856],[0,0],[8.855,0],[0,-8.856]],"v":[[27.924,0.25],[16.351,0.25],[0.25,16.351],[16.351,32.452],[27.924,32.452],[44.025,16.351]],"c":true},"ix":2},"nm":"Trazado 1","mn":"ADBE Vector Shape - Group","hd":false},{"ty":"fl","c":{"a":0,"k":[1,1,1,1],"ix":4},"o":{"a":0,"k":100,"ix":5},"r":1,"nm":"Relleno 1","mn":"ADBE Vector Graphic - Fill","hd":false}],"ip":29,"op":83,"st":-45,"bm":0},{"ddd":0,"ind":7,"ty":4,"nm":"edit4 contornos","parent":13,"sr":1,"ks":{"o":{"a":1,"k":[{"i":{"x":[0.833],"y":[0.833]},"o":{"x":[0.167],"y":[0.167]},"n":["0p833_0p833_0p167_0p167"],"t":34,"s":[0],"e":[100]},{"t":40}],"ix":11},"r":{"a":0,"k":0,"ix":10},"p":{"a":1,"k":[{"i":{"x":0,"y":1},"o":{"x":0.167,"y":0.167},"n":"0_1_0p167_0p167","t":34,"s":[133.331,215.511,0],"e":[323.331,215.511,0],"to":[31.6666660308838,0,0],"ti":[-31.6666660308838,0,0]},{"t":54}],"ix":2},"a":{"a":0,"k":[22.137,16.351,0],"ix":1},"s":{"a":0,"k":[100,100,100],"ix":6}},"ao":0,"shapes":[{"ind":0,"ty":"sh","ix":1,"ks":{"a":0,"k":{"i":[[8.855,0],[0,0],[0,-8.856],[0,0],[-8.856,0],[0,0],[0,8.855],[0,0]],"o":[[0,0],[-8.856,0],[0,0],[0,8.855],[0,0],[8.855,0],[0,0],[0,-8.856]],"v":[[27.924,0.25],[16.351,0.25],[0.25,16.351],[0.25,16.352],[16.351,32.452],[27.924,32.452],[44.025,16.352],[44.025,16.351]],"c":true},"ix":2},"nm":"Trazado 1","mn":"ADBE Vector Shape - Group","hd":false},{"ty":"fl","c":{"a":0,"k":[0.388000009574,0.722000002394,0.910000011968,1],"ix":4},"o":{"a":0,"k":100,"ix":5},"r":1,"nm":"Relleno 1","mn":"ADBE Vector Graphic - Fill","hd":false}],"ip":34,"op":83,"st":-40,"bm":0},{"ddd":0,"ind":8,"ty":4,"nm":"edit5 contornos","parent":13,"sr":1,"ks":{"o":{"a":1,"k":[{"i":{"x":[0.833],"y":[0.833]},"o":{"x":[0.167],"y":[0.167]},"n":["0p833_0p833_0p167_0p167"],"t":38,"s":[0],"e":[100]},{"t":44}],"ix":11},"r":{"a":0,"k":0,"ix":10},"p":{"a":1,"k":[{"i":{"x":0,"y":1},"o":{"x":0.167,"y":0.167},"n":"0_1_0p167_0p167","t":38,"s":[83.582,257.204,0],"e":[393.582,257.204,0],"to":[51.6666679382324,0,0],"ti":[-51.6666679382324,0,0]},{"t":58}],"ix":2},"a":{"a":0,"k":[48.615,16.351,0],"ix":1},"s":{"a":0,"k":[100,100,100],"ix":6}},"ao":0,"shapes":[{"ind":0,"ty":"sh","ix":1,"ks":{"a":0,"k":{"i":[[8.855,0],[0,0],[0,-8.856],[-8.856,0],[0,0],[0,8.856]],"o":[[0,0],[-8.856,0],[0,8.856],[0,0],[8.855,0],[0,-8.856]],"v":[[80.877,0.25],[16.352,0.25],[0.25,16.351],[16.352,32.452],[80.877,32.452],[96.979,16.351]],"c":true},"ix":2},"nm":"Trazado 1","mn":"ADBE Vector Shape - Group","hd":false},{"ty":"fl","c":{"a":0,"k":[0.505999995213,0.20800000359,0.541000007181,1],"ix":4},"o":{"a":0,"k":100,"ix":5},"r":1,"nm":"Relleno 1","mn":"ADBE Vector Graphic - Fill","hd":false}],"ip":38,"op":83,"st":-36,"bm":0},{"ddd":0,"ind":9,"ty":4,"nm":"progress bar contornos","parent":13,"sr":1,"ks":{"o":{"a":1,"k":[{"i":{"x":[0.833],"y":[0.833]},"o":{"x":[0.167],"y":[0.167]},"n":["0p833_0p833_0p167_0p167"],"t":97,"s":[0],"e":[100]},{"i":{"x":[0.833],"y":[0.833]},"o":{"x":[0.167],"y":[0.167]},"n":["0p833_0p833_0p167_0p167"],"t":107,"s":[100],"e":[100]},{"i":{"x":[0.833],"y":[0.833]},"o":{"x":[0.167],"y":[0.167]},"n":["0p833_0p833_0p167_0p167"],"t":167,"s":[100],"e":[0]},{"t":173}],"ix":11},"r":{"a":0,"k":0,"ix":10},"p":{"a":1,"k":[{"i":{"x":0,"y":1},"o":{"x":0,"y":0},"n":"0_1_0_0","t":97,"s":[232.567,362.189,0],"e":[232.567,302.189,0],"to":[0,-10,0],"ti":[0,10,0]},{"t":130}],"ix":2},"a":{"a":0,"k":[189.339,6.846,0],"ix":1},"s":{"a":1,"k":[{"i":{"x":[0,0,0.667],"y":[1,1,1]},"o":{"x":[0,0,0.333],"y":[0,0,0]},"n":["0_1_0_0","0_1_0_0","0p667_1_0p333_0"],"t":97,"s":[143,143,100],"e":[100,100,100]},{"t":130}],"ix":6}},"ao":0,"shapes":[{"ind":0,"ty":"sh","ix":1,"ks":{"a":0,"k":{"i":[[3.628,0],[0,0],[0,-3.628],[-3.628,0],[0,0],[0,3.628]],"o":[[0,0],[-3.628,0],[0,3.628],[0,0],[3.628,0],[0,-3.628]],"v":[[371.832,0.25],[6.846,0.25],[0.25,6.846],[6.846,13.442],[371.832,13.442],[378.428,6.846]],"c":true},"ix":2},"nm":"Trazado 1","mn":"ADBE Vector Shape - Group","hd":false},{"ty":"fl","c":{"a":0,"k":[0.486000001197,0.486000001197,0.486000001197,1],"ix":4},"o":{"a":0,"k":100,"ix":5},"r":1,"nm":"Relleno 1","mn":"ADBE Vector Graphic - Fill","hd":false}],"ip":97,"op":180,"st":52,"bm":0},{"ddd":0,"ind":10,"ty":4,"nm":"btn1 contornos","parent":13,"sr":1,"ks":{"o":{"a":1,"k":[{"i":{"x":[0.833],"y":[0.833]},"o":{"x":[0.167],"y":[0.167]},"n":["0p833_0p833_0p167_0p167"],"t":116,"s":[0],"e":[100]},{"i":{"x":[0.833],"y":[0.833]},"o":{"x":[0.167],"y":[0.167]},"n":["0p833_0p833_0p167_0p167"],"t":126,"s":[100],"e":[100]},{"i":{"x":[0.833],"y":[0.833]},"o":{"x":[0.167],"y":[0.167]},"n":["0p833_0p833_0p167_0p167"],"t":167,"s":[100],"e":[0]},{"t":173}],"ix":11},"r":{"a":0,"k":0,"ix":10},"p":{"a":1,"k":[{"i":{"x":0,"y":1},"o":{"x":0,"y":0},"n":"0_1_0_0","t":116,"s":[28.82,362.189,0],"e":[28.82,302.189,0],"to":[0,-10,0],"ti":[0,10,0]},{"t":138}],"ix":2},"a":{"a":0,"k":[6.846,6.846,0],"ix":1},"s":{"a":1,"k":[{"i":{"x":[0,0,0.667],"y":[1,1,1]},"o":{"x":[0,0,0.333],"y":[0,0,0]},"n":["0_1_0_0","0_1_0_0","0p667_1_0p333_0"],"t":116,"s":[143,143,100],"e":[100,100,100]},{"t":138}],"ix":6}},"ao":0,"shapes":[{"ind":0,"ty":"sh","ix":1,"ks":{"a":0,"k":{"i":[[0,3.644],[3.642,0],[0,-3.643],[-3.643,0]],"o":[[0,-3.643],[-3.643,0],[0,3.644],[3.642,0]],"v":[[13.442,6.846],[6.846,0.25],[0.25,6.846],[6.846,13.443]],"c":true},"ix":2},"nm":"Trazado 1","mn":"ADBE Vector Shape - Group","hd":false},{"ty":"fl","c":{"a":0,"k":[0.486000001197,0.486000001197,0.486000001197,1],"ix":4},"o":{"a":0,"k":100,"ix":5},"r":1,"nm":"Relleno 1","mn":"ADBE Vector Graphic - Fill","hd":false}],"ip":116,"op":180,"st":71,"bm":0},{"ddd":0,"ind":11,"ty":4,"nm":"btn2 contornos","parent":13,"sr":1,"ks":{"o":{"a":1,"k":[{"i":{"x":[0.833],"y":[0.833]},"o":{"x":[0.167],"y":[0.167]},"n":["0p833_0p833_0p167_0p167"],"t":123,"s":[0],"e":[100]},{"i":{"x":[0.833],"y":[0.833]},"o":{"x":[0.167],"y":[0.167]},"n":["0p833_0p833_0p167_0p167"],"t":133,"s":[100],"e":[100]},{"i":{"x":[0.833],"y":[0.833]},"o":{"x":[0.167],"y":[0.167]},"n":["0p833_0p833_0p167_0p167"],"t":167,"s":[100],"e":[0]},{"t":173}],"ix":11},"r":{"a":0,"k":0,"ix":10},"p":{"a":1,"k":[{"i":{"x":0,"y":1},"o":{"x":0,"y":0},"n":"0_1_0_0","t":123,"s":[436.803,362.189,0],"e":[436.803,302.189,0],"to":[0,-10,0],"ti":[0,10,0]},{"t":145}],"ix":2},"a":{"a":0,"k":[6.846,6.846,0],"ix":1},"s":{"a":1,"k":[{"i":{"x":[0,0,0.667],"y":[1,1,1]},"o":{"x":[0,0,0.333],"y":[0,0,0]},"n":["0_1_0_0","0_1_0_0","0p667_1_0p333_0"],"t":123,"s":[143,143,100],"e":[100,100,100]},{"t":145}],"ix":6}},"ao":0,"shapes":[{"ind":0,"ty":"sh","ix":1,"ks":{"a":0,"k":{"i":[[0,3.644],[3.644,0],[0,-3.643],[-3.642,0]],"o":[[0,-3.643],[-3.642,0],[0,3.644],[3.644,0]],"v":[[13.442,6.846],[6.845,0.25],[0.25,6.846],[6.845,13.443]],"c":true},"ix":2},"nm":"Trazado 1","mn":"ADBE Vector Shape - Group","hd":false},{"ty":"fl","c":{"a":0,"k":[0.486000001197,0.486000001197,0.486000001197,1],"ix":4},"o":{"a":0,"k":100,"ix":5},"r":1,"nm":"Relleno 1","mn":"ADBE Vector Graphic - Fill","hd":false}],"ip":123,"op":180,"st":78,"bm":0},{"ddd":0,"ind":12,"ty":4,"nm":"btn3 contornos","parent":13,"sr":1,"ks":{"o":{"a":1,"k":[{"i":{"x":[0.833],"y":[0.833]},"o":{"x":[0.167],"y":[0.167]},"n":["0p833_0p833_0p167_0p167"],"t":131,"s":[0],"e":[100]},{"i":{"x":[0.833],"y":[0.833]},"o":{"x":[0.167],"y":[0.167]},"n":["0p833_0p833_0p167_0p167"],"t":141,"s":[100],"e":[100]},{"i":{"x":[0.833],"y":[0.833]},"o":{"x":[0.167],"y":[0.167]},"n":["0p833_0p833_0p167_0p167"],"t":167,"s":[100],"e":[0]},{"t":173}],"ix":11},"r":{"a":0,"k":0,"ix":10},"p":{"a":1,"k":[{"i":{"x":0,"y":1},"o":{"x":0,"y":0},"n":"0_1_0_0","t":131,"s":[457.812,362.189,0],"e":[457.812,302.189,0],"to":[0,-10,0],"ti":[0,10,0]},{"t":153}],"ix":2},"a":{"a":0,"k":[6.846,6.846,0],"ix":1},"s":{"a":1,"k":[{"i":{"x":[0,0,0.667],"y":[1,1,1]},"o":{"x":[0,0,0.333],"y":[0,0,0]},"n":["0_1_0_0","0_1_0_0","0p667_1_0p333_0"],"t":131,"s":[143,143,100],"e":[100,100,100]},{"t":153}],"ix":6}},"ao":0,"shapes":[{"ind":0,"ty":"sh","ix":1,"ks":{"a":0,"k":{"i":[[0,3.644],[3.644,0],[0,-3.643],[-3.642,0]],"o":[[0,-3.643],[-3.642,0],[0,3.644],[3.644,0]],"v":[[13.442,6.846],[6.845,0.25],[0.25,6.846],[6.845,13.443]],"c":true},"ix":2},"nm":"Trazado 1","mn":"ADBE Vector Shape - Group","hd":false},{"ty":"fl","c":{"a":0,"k":[0.486000001197,0.486000001197,0.486000001197,1],"ix":4},"o":{"a":0,"k":100,"ix":5},"r":1,"nm":"Relleno 1","mn":"ADBE Vector Graphic - Fill","hd":false}],"ip":131,"op":180,"st":86,"bm":0},{"ddd":0,"ind":13,"ty":4,"nm":"tablet contornos","sr":1,"ks":{"o":{"a":1,"k":[{"i":{"x":[0.833],"y":[0.833]},"o":{"x":[0.167],"y":[0.167]},"n":["0p833_0p833_0p167_0p167"],"t":0,"s":[0],"e":[100]},{"i":{"x":[0.833],"y":[0.833]},"o":{"x":[0.167],"y":[0.167]},"n":["0p833_0p833_0p167_0p167"],"t":7,"s":[100],"e":[100]},{"i":{"x":[0.833],"y":[0.833]},"o":{"x":[0.167],"y":[0.167]},"n":["0p833_0p833_0p167_0p167"],"t":167,"s":[100],"e":[0]},{"t":173}],"ix":11},"r":{"a":1,"k":[{"i":{"x":[0.667],"y":[1]},"o":{"x":[0.167],"y":[0.167]},"n":["0p667_1_0p167_0p167"],"t":0,"s":[-30],"e":[8.667]},{"i":{"x":[0.216],"y":[1]},"o":{"x":[0.203],"y":[0]},"n":["0p216_1_0p203_0"],"t":26.75,"s":[8.667],"e":[-2]},{"i":{"x":[0.667],"y":[1]},"o":{"x":[0.167],"y":[0]},"n":["0p667_1_0p167_0"],"t":61,"s":[-2],"e":[1]},{"i":{"x":[0.667],"y":[1]},"o":{"x":[0.167],"y":[0]},"n":["0p667_1_0p167_0"],"t":115,"s":[1],"e":[-1]},{"i":{"x":[0.667],"y":[1]},"o":{"x":[0.333],"y":[0]},"n":["0p667_1_0p333_0"],"t":159,"s":[-1],"e":[19]},{"i":{"x":[0.667],"y":[1]},"o":{"x":[0.333],"y":[0]},"n":["0p667_1_0p333_0"],"t":166,"s":[19],"e":[-41]},{"t":173}],"ix":10},"p":{"a":1,"k":[{"i":{"x":0.667,"y":0.931},"o":{"x":0.167,"y":0.167},"n":"0p667_0p931_0p167_0p167","t":0,"s":[434.612,443.32,0],"e":[300.777,293.568,0],"to":[-6.9900598526001,-8.38807201385498,0],"ti":[-26.8186111450195,30.0559425354004,0]},{"i":{"x":0.48,"y":0.767},"o":{"x":0.107,"y":0.22},"n":"0p48_0p767_0p107_0p22","t":13,"s":[300.777,293.568,0],"e":[319.612,305.32,0],"to":[18.8813037872314,-21.1605072021484,0],"ti":[15.9768571853638,-1.86355829238892,0]},{"i":{"x":0.473,"y":1},"o":{"x":0.333,"y":0.787},"n":"0p473_1_0p333_0p787","t":42,"s":[319.612,305.32,0],"e":[313.362,300.07,0],"to":[-5.76590585708618,0.67254155874252,0],"ti":[0,0,0]},{"i":{"x":0.667,"y":0.667},"o":{"x":0.167,"y":0.167},"n":"0p667_0p667_0p167_0p167","t":73.25,"s":[313.362,300.07,0],"e":[313.362,300.07,0],"to":[0,0,0],"ti":[0,0,0]},{"i":{"x":0.667,"y":1},"o":{"x":0.333,"y":0},"n":"0p667_1_0p333_0","t":159,"s":[313.362,300.07,0],"e":[313.362,295.07,0],"to":[0,0,0],"ti":[0,0,0]},{"i":{"x":0.667,"y":1},"o":{"x":0.333,"y":0},"n":"0p667_1_0p333_0","t":166,"s":[313.362,295.07,0],"e":[437.362,446.07,0],"to":[0,0,0],"ti":[0,0,0]},{"t":173}],"ix":2},"a":{"a":0,"k":[241.008,163.688,0],"ix":1},"s":{"a":1,"k":[{"i":{"x":[0.667,0.667,0.667],"y":[1,1,1]},"o":{"x":[0.167,0.167,0.167],"y":[0.167,0.167,1.495]},"n":["0p667_1_0p167_0p167","0p667_1_0p167_0p167","0p667_1_0p167_1p495"],"t":0,"s":[23,23,100],"e":[104,104,100]},{"i":{"x":[0.667,0.667,0.667],"y":[1,1,1]},"o":{"x":[0.333,0.333,0.333],"y":[0,0,0]},"n":["0p667_1_0p333_0","0p667_1_0p333_0","0p667_1_0p333_0"],"t":13,"s":[104,104,100],"e":[100,100,100]},{"i":{"x":[0.667,0.667,0.667],"y":[1,1,1]},"o":{"x":[0.167,0.167,0.167],"y":[0,0,0]},"n":["0p667_1_0p167_0","0p667_1_0p167_0","0p667_1_0p167_0"],"t":42,"s":[100,100,100],"e":[100,100,100]},{"i":{"x":[0.667,0.667,0.667],"y":[1,1,1]},"o":{"x":[0.333,0.333,0.333],"y":[0,0,0]},"n":["0p667_1_0p333_0","0p667_1_0p333_0","0p667_1_0p333_0"],"t":159,"s":[100,100,100],"e":[111,111,100]},{"i":{"x":[0.667,0.667,0.667],"y":[1,1,1]},"o":{"x":[0.333,0.333,0.333],"y":[0,0,0]},"n":["0p667_1_0p333_0","0p667_1_0p333_0","0p667_1_0p333_0"],"t":166,"s":[111,111,100],"e":[21,21,100]},{"t":173}],"ix":6}},"ao":0,"shapes":[{"ind":0,"ty":"sh","ix":1,"ks":{"a":0,"k":{"i":[[14.975,0],[0,0],[0,14.974],[0,0],[-14.975,0],[0,0],[0,-14.975],[0,0]],"o":[[0,0],[-14.975,0],[0,0],[0,-14.975],[0,0],[14.975,0],[0,0],[0,14.974]],"v":[[454.652,327.125],[27.364,327.125],[0.25,300.011],[0.25,27.365],[27.364,0.25],[454.652,0.25],[481.766,27.365],[481.766,300.011]],"c":true},"ix":2},"nm":"Trazado 1","mn":"ADBE Vector Shape - Group","hd":false},{"ty":"fl","c":{"a":0,"k":[0.298000021542,0.298000021542,0.298000021542,1],"ix":4},"o":{"a":0,"k":100,"ix":5},"r":1,"nm":"Relleno 1","mn":"ADBE Vector Graphic - Fill","hd":false}],"ip":0,"op":180,"st":0,"bm":0}],"markers":[]}